split,image,gt,pred,TP,FN,FP,confusion,mean_iou,is_background
val,HALLWAY-A_c40_bright_clean_7108_JPG.rf.08a505b21c7ddff4dfea9ee90bfeab6a.jpg,0,1,0,0,1,0,0.0,True
val,HALLWAY-A_ctx_bright_clean_7197_JPG.rf.ef1dbe1249a98b3d66a2dc414643e56f.jpg,11,6,1,10,5,1,0.6512522380115113,False
val,HALLWAY-B_c20_bright_clean_7199_JPG.rf.480f3d22317f57a06707fcc1b236b4b1.jpg,1,0,0,1,0,0,0.0,False
val,HALLWAY-B_c40_bright_clean_7198_JPG.rf.e64f4461202b8fa2bff5cb2dda3d3c13.jpg,1,0,0,1,0,0,0.0,False
val,HALLWAY-C_c10_bright_clean_7202_JPG.rf.95b13d554a5d4c453a3f3e602af7b5f4.jpg,3,3,2,1,1,0,0.8256936206721819,False
val,HALLWAY-C_c20_bright_clean_7201_JPG.rf.b136198beff7d3b4c2321c75aea47d0b.jpg,4,3,1,3,2,0,0.7855625131495431,False
val,HALLWAY-C_c40_bright_clean_7200_JPG.rf.654209f683b2b8f85baab55b825d93e5.jpg,7,3,0,7,3,1,0.0,False
val,HALLWAY-E_c20_bright_clean_7132_JPG.rf.501ab0b9c15a600745703053bc889b6a.jpg,0,0,0,0,0,0,0.0,True
val,HALLWAY-G_c20_bright_clean_7117_JPG.rf.32bdf87952e61277bd38bad0aa0b283b.jpg,0,0,0,0,0,0,0.0,True
val,HALLWAY-G_c20_bright_clean_7123_JPG.rf.380aa002caeedcb309f4bc5818da3a56.jpg,3,1,0,3,1,0,0.0,False
val,KITCHEN-A_c20_bright_clean_7214_JPG.rf.173e0155042de4de1486944ad52787a7.jpg,1,0,0,1,0,0,0.0,False
val,KITCHEN-A_c40_bright_clean_7213_JPG.rf.b5cf384f7ff3c6c6982beb11c3637cc0.jpg,1,0,0,1,0,0,0.0,False
val,KITCHEN-B_c20_bright_clean_7151_JPG.rf.caedf57a961611eb2966466dcaa4723b.jpg,7,5,1,6,4,0,0.5044816511598075,False
val,KITCHEN-B_c20_bright_clean_7181_JPG.rf.dedca4539efbc2fad7acf750fc284a9a.jpg,11,5,1,10,4,1,0.5684352865989597,False
val,KITCHEN-B_c20_bright_clean_7183_JPG.rf.712758a8eefb95af1618bf1ab2307ef5.jpg,7,2,0,7,2,0,0.0,False
val,KITCHEN-B_c20_bright_clean_7187_JPG.rf.4d42b3868a59d91252dc7535ad2353aa.jpg,5,2,0,5,2,1,0.0,False
val,KITCHEN-B_c20_bright_clean_7189_JPG.rf.a1ea788e26fa45ba3ca868ee84ecf52b.jpg,3,0,0,3,0,0,0.0,False
val,KITCHEN-B_c40_bright_clean_7152_JPG.rf.d95d492508e84e1aa75e566f6aa8d3c6.jpg,11,3,1,10,2,0,0.7248403475808276,False
val,KITCHEN-B_c40_bright_clean_7180_JPG.rf.c3bef08c42ffe90b2c65d5555a8f4ffb.jpg,18,4,1,17,3,1,0.7831028349503479,False
val,KITCHEN-B_c40_bright_clean_7182_JPG.rf.315915c24cf1f08fe53c0bf71fc23372.jpg,11,3,0,11,3,2,0.0,False
val,KITCHEN-B_c40_bright_clean_7184_JPG.rf.8f071f91528010bafb5e3a6a58f73135.jpg,7,4,2,5,2,0,0.6430396426702814,False
val,KITCHEN-B_c40_bright_clean_7185_JPG.rf.4a26e160381de07a1d70ddef6b475827.jpg,4,1,0,4,1,0,0.0,False
val,KITCHEN-B_c40_bright_clean_7186_JPG.rf.a75b24ccc131027e6c4dce6a109f26c2.jpg,8,1,1,7,0,0,0.8211230098072684,False
val,KITCHEN-B_c40_bright_clean_7188_JPG.rf.d989bb51b40540df6d705f009b677459.jpg,7,2,0,7,2,1,0.0,False
val,KITCHEN-C_c100_bright_clean_7192_JPG.rf.f09a9cf942fdfef222511798c6cf91d1.jpg,8,1,0,8,1,0,0.0,False
val,KITCHEN-C_c20_bright_clean_7153_JPG.rf.48a523e5f01bcf78104fed2667eb952f.jpg,12,12,3,9,9,3,0.7830061218757965,False
val,KITCHEN-C_c20_bright_clean_7155_JPG.rf.308bac971e18ca9bf9eff430e767b8c3.jpg,7,4,2,5,2,0,0.7445317431413905,False
val,KITCHEN-C_c20_bright_clean_7158_JPG.rf.7394b6f5164cde53f0d90d54a7e9fc87.jpg,8,3,2,6,1,0,0.7651987600306114,False
val,KITCHEN-C_c20_bright_clean_7159_JPG.rf.912de1767bdaf60e7c87f03d3d52b87b.jpg,13,10,2,11,8,1,0.7308885819194023,False
val,KITCHEN-C_c20_bright_clean_7191_JPG.rf.254e06148aa4c4b077557de6196ca37f.jpg,15,4,2,13,2,1,0.6116369619666236,False
val,KITCHEN-C_c20_bright_clean_7204_JPG.rf.21629cae9a75844a2edbfd2d1c42086e.jpg,10,2,1,9,1,1,0.5807888480372633,False
val,KITCHEN-C_c20_bright_clean_7206_JPG.rf.5ba659057bcd1026d353af986e86adba.jpg,13,2,2,11,0,0,0.5891716015340935,False
val,KITCHEN-C_c20_bright_clean_7208_JPG.rf.46c6c4711e11b455068ae3ba1fc528f7.jpg,14,2,1,13,1,1,0.5710566828587238,False
val,KITCHEN-C_c40_bright_clean_7154_JPG.rf.b07b86a003eb176995b4ac45ae7ded53.jpg,20,12,1,19,11,1,0.8345169900715407,False
val,KITCHEN-C_c40_bright_clean_7156_JPG.rf.29e36aca5b5d86555704a7995c277708.jpg,17,6,4,13,2,0,0.6807842494433083,False
val,KITCHEN-C_c40_bright_clean_7157_JPG.rf.22d191111f8028020b505bc7f201325f.jpg,9,4,1,8,3,0,0.6874978177055026,False
val,KITCHEN-C_c40_bright_clean_7160_JPG.rf.b88b090141b1e1a068ea9c2982c107e9.jpg,14,15,1,13,14,1,0.8420538501056132,False
val,KITCHEN-C_c40_bright_clean_7190_JPG.rf.d697e3e4cf33c5e272718eec98b9fdc7.jpg,15,7,2,13,5,1,0.7248193488669396,False
val,KITCHEN-C_c40_bright_clean_7203_JPG.rf.feaf58b1785bb01468949c2d2f5992d4.jpg,7,2,1,6,1,0,0.8041386442433138,False
val,KITCHEN-C_c40_bright_clean_7205_JPG.rf.0b419fa9bc61e5ea21435987b1690dbf.jpg,10,1,0,10,1,0,0.0,False
val,KITCHEN-C_c40_bright_clean_7207_JPG.rf.608dac95b5154e3c9594bfb473d96b32.jpg,18,3,1,17,2,1,0.8382043929517313,False
val,KITCHEN-C_c80_bright_clean_7193_JPG.rf.92e51022476e81fbeea15bdffa2e1cae.jpg,17,4,1,16,3,1,0.6752975924185572,False
val,KITCHEN-D_c20_bright_clean_7164_JPG.rf.4c84cfc3a887e6aea96fa5b5cec6158d.jpg,2,1,0,2,1,0,0.0,False
val,KITCHEN-D_c40_bright_clean_7166_JPG.rf.5e59da9f863b6b28e112c06e3bfcc1ad.jpg,3,0,0,3,0,0,0.0,False
test,BEDROOM-D_c10_bright_clean_7141_JPG.rf.2e4a576606f3c370944235182656a23d.jpg,0,0,0,0,0,0,0.0,True
test,BEDROOM-D_c10_bright_clean_7142_JPG.rf.a81bdac293d02b451d7238b578d060c8.jpg,0,0,0,0,0,0,0.0,True
test,BEDROOM-D_c10_elec_clean_7114_JPG.rf.46bc6e7526fd48351e612640dc7d7a43.jpg,0,0,0,0,0,0,0.0,True
test,LIVING-A_c10_bright_clean_7131_JPG.rf.c507139b3526c20649df4f524aea08dd.jpg,0,0,0,0,0,0,0.0,True
test,LIVING-A_c20_bright_clean_7110_JPG.rf.ec781ebba7510fe7051c6cc67286c788.jpg,0,1,0,0,1,0,0.0,True
test,LIVING-A_c20_bright_clean_7116_JPG.rf.ac52232580ee0290040f73eed63f963f.jpg,0,0,0,0,0,0,0.0,True
test,LIVING-A_c20_bright_clean_7128_JPG.rf.c42bb223b5de54c9e1ffd5e839acf290.jpg,0,0,0,0,0,0,0.0,True
test,LIVING-B_c100_bright_clean_7175_JPG.rf.2db116f0c2d6f1a9e30e0fe34bcb58e8.jpg,2,7,0,2,7,0,0.0,False
test,LIVING-B_c10_bright_clean_7174_JPG.rf.100cfb9fe33a66a0db1c0dffab6a5f75.jpg,2,4,0,2,4,0,0.0,False
test,LIVING-B_c20_bright_clean_7133_JPG.rf.81955acfd0566f795ef5cb518289310e.jpg,0,0,0,0,0,0,0.0,True
test,LIVING-B_c20_bright_clean_7169_JPG.rf.d6ea742768ef0f1cb9725f150090be03.jpg,1,1,0,1,1,0,0.0,False
test,LIVING-B_c20_bright_clean_7171_JPG.rf.68a59b2fb5349036c865eb6a7b53a1fa.jpg,0,0,0,0,0,0,0.0,True
test,LIVING-B_c20_bright_clean_7172_JPG.rf.9139775213779cfa4070ebd0fa77d72c.jpg,2,0,0,2,0,0,0.0,False
test,LIVING-B_c40_bright_clean_7170_JPG.rf.f57c7eb9f13641a49da610d11c89754a.jpg,2,0,0,2,0,0,0.0,False
test,LIVING-B_c40_bright_clean_7173_JPG.rf.828bb66cd4bc4fcb04e8696be26caa77.jpg,2,9,0,2,9,0,0.0,False
test,LIVING-C_c10_bright_clean_7129_JPG.rf.ab8b3d6b5758d7aa4ef6d252b9235d59.jpg,0,0,0,0,0,0,0.0,True
test,LIVING-C_c10_bright_clean_7130_JPG.rf.5cdfb62ba83d9bfc9e3dd55c003e0fa0.jpg,0,0,0,0,0,0,0.0,True
test,LIVING-C_c10_bright_clean_7134_JPG.rf.5d5c936960ad97e4a674a467e3761d76.jpg,0,1,0,0,1,0,0.0,True
test,LIVING-C_c20_bright_clean_7122_JPG.rf.51b1000cfc79924157a36b20b8a52823.jpg,2,0,0,2,0,0,0.0,False
test,LIVING-C_c20_bright_clean_7127_JPG.rf.155b3d111bf037abb7bb71054aa608d9.jpg,0,0,0,0,0,0,0.0,True
test,LIVING-C_c20_bright_clean_7135_JPG.rf.d737407c1c94aa46f4ca510f855bc27d.jpg,0,0,0,0,0,0,0.0,True
test,LIVING-D_c20_bright_clean_7109_JPG.rf.2d71e457be59325cea11ef1ec6e0649f.jpg,0,0,0,0,0,0,0.0,True
test,LIVING-D_c20_bright_clean_7125_JPG.rf.f0f6e6dac2f1ffc83c17e1e792ad2f59.jpg,0,0,0,0,0,0,0.0,True
test,LIVING-D_c20_bright_clean_7126_JPG.rf.6584154ee6c43511e8d834b171a67dc5.jpg,0,0,0,0,0,0,0.0,True
test,LIVING-E_c10_bright_clean_7136_JPG.rf.afb5ffc2c850a521d95016113ff6d052.jpg,0,0,0,0,0,0,0.0,True
test,LIVING-E_c20_bright_clean_7124_JPG.rf.06e0a03360f5f866ba6be323911ff060.jpg,0,0,0,0,0,0,0.0,True
test,LIVING-E_c20_bright_clean_7146_JPG.rf.fd71f6542c5b1494d28bcc85f0fb246b.jpg,1,0,0,1,0,0,0.0,False
test,LIVING-E_c20_bright_clean_7147_JPG.rf.675cd5e86cff2865025c786bca41d4fb.jpg,1,0,0,1,0,0,0.0,False
test,LIVING-E_c20_bright_clean_7210_JPG.rf.3a46dad96ec5a6047bace048c457fdda.jpg,5,1,0,5,1,0,0.0,False
test,LIVING-E_c20_bright_clean_7212_JPG.rf.0dad1a7c02522eee1a55b31027c53aa8.jpg,1,0,0,1,0,0,0.0,False
test,LIVING-E_c40_bright_clean_7148_JPG.rf.060f7def134c499e3c60ff2430278cf8.jpg,1,1,0,1,1,0,0.0,False
test,LIVING-E_c40_bright_clean_7149_JPG.rf.1fc4be557f8c7cdd5cc708ea40981b7e.jpg,1,3,0,1,3,0,0.0,False
test,LIVING-E_c40_bright_clean_7209_JPG.rf.4d1d0a79bfe4d53e347c290c003d4f33.jpg,3,1,0,3,1,0,0.0,False
test,LIVING-E_c40_bright_clean_7211_JPG.rf.1c08739b0464e3dbe3f3e88ddd2d9f45.jpg,1,0,0,1,0,0,0.0,False
test,OFFICE-A_c10_elec_clean_7113_JPG.rf.465cfb4e071c8f357005b432d62f471e.jpg,0,1,0,0,1,0,0.0,True
test,OFFICE-A_c40_elec_clean_7111_JPG.rf.06a7a041d223217dc89732c717e026f4.jpg,0,0,0,0,0,0,0.0,True
test,OFFICE-B_c20_bright_clean_7195_JPG.rf.78cdf3d2007fde8a326ac3b9e3966c12.jpg,1,0,0,1,0,0,0.0,False
test,OFFICE-B_c20_bright_clean_7196_JPG.rf.c43d4816ab78c54876a3cfcd9aa3f2cb.jpg,1,2,0,1,2,0,0.0,False
test,OFFICE-B_c40_bright_clean_7194_JPG.rf.2968086e8207f6077f04152ec75d1cd3.jpg,1,1,0,1,1,0,0.0,False
test,OFFICE-C_c20_bright_clean_7118_JPG.rf.5b2f848ddfc1bbc7701b0067865a0dbe.jpg,0,0,0,0,0,0,0.0,True
test,OFFICE-C_c20_bright_clean_7121_JPG.rf.a3ae8db04bd9ded833d72e347acc0f41.jpg,2,0,0,2,0,0,0.0,False
test,OFFICE-C_c40_bright_clean_7177_JPG.rf.97cd2678f38e3efbe95b178dc027ad47.jpg,5,4,0,5,4,1,0.0,False
test,OFFICE-C_c40_bright_clean_7178_JPG.rf.22de48700594e0dc9bd12ddccd4254c5.jpg,14,5,1,13,4,1,0.5682275083495257,False
test,OFFICE-C_c40_bright_clean_7179_JPG.rf.472392a63e396465141427763f897c7c.jpg,6,7,0,6,7,4,0.0,False
test,OFFICE-C_ctx_bright_clean_7176_JPG.rf.6fff0b5028e73073d545d9ecb6adb7ec.jpg,16,1,0,16,1,1,0.0,False
test,OFFICE-D_c40_elec_clean_7112_JPG.rf.174f3f9a9e03c7a3a611fef4ca0b1d01.jpg,0,1,0,0,1,0,0.0,True
